tower_id,lat,lon,mcc,mnc,operator,radio,cell_id,created_at,attribution,district,region_tag,elevation,slope,dist_to_river_km,water_occurrence_pct,ndvi,rainfall_3d_mm,rainfall_7d_mm,flood_label,label_source,flood_probability,risk_pct,confidence_score,risk_tier
MY-CELL-502-16-90623,3.0549,101.36681,502,16,Digi,LTE,90623,2023-05-15,Data from OpenCelliD licensed under CC BY-SA 4.0,Klang,Suburban_Fringe,10.3,1.1,2.21,44.9,0.35,179.1,285.6,0,None,0.786,78.6,57.2,HIGH
MY-CELL-502-01-52107,3.03585,101.36411,502,1,U Mobile,LTE,52107,2023-05-15,Data from OpenCelliD licensed under CC BY-SA 4.0,Klang,Suburban_Fringe,10.9,1.6,1.82,45.7,0.29,173.4,276.4,0,None,0.3935,39.4,21.3,MODERATE
MY-CELL-502-19-59811,3.05943,101.42438,502,19,Celcom,GSM,59811,2023-05-15,Data from OpenCelliD licensed under CC BY-SA 4.0,Klang,Suburban_Fringe,11.9,0.5,3.03,0.0,0.42,159.7,274.4,0,None,0.7926,79.3,58.5,HIGH
MY-CELL-502-01-82082,3.08569,101.44069,502,1,U Mobile,LTE,82082,2023-05-15,Data from OpenCelliD licensed under CC BY-SA 4.0,Klang,Suburban_Fringe,12.9,0.5,4.09,5.9,0.42,186.7,275.3,1,DID_Dec2021_Records,0.4191,41.9,16.2,MODERATE
MY-CELL-502-16-21411,3.03298,101.39784,502,16,Digi,LTE,21411,2023-05-15,Data from OpenCelliD licensed under CC BY-SA 4.0,Klang,Suburban_Fringe,8.5,1.3,2.13,32.5,0.34,170.0,275.6,0,None,0.371,37.1,25.8,MODERATE
MY-CELL-502-01-18680,3.03298,101.43011,502,1,U Mobile,UMTS,18680,2023-05-15,Data from OpenCelliD licensed under CC BY-SA 4.0,Klang,Suburban_Fringe,10.4,2.1,2.91,3.0,0.39,205.6,297.3,0,None,0.0926,9.3,81.5,LOW
MY-CELL-502-12-21111,3.08738,101.41085,502,12,Maxis,LTE,21111,2023-05-15,Data from OpenCelliD licensed under CC BY-SA 4.0,Klang,Suburban_Fringe,19.3,0.5,6.01,0.3,0.46,203.5,316.1,0,None,0.1981,19.8,60.4,LOW
MY-CELL-502-12-18155,3.06302,101.38065,502,12,Maxis,LTE,18155,2023-05-15,Data from OpenCelliD licensed under CC BY-SA 4.0,Klang,Suburban_Fringe,10.2,1.0,2.56,0.0,0.41,173.5,299.4,0,None,0.3718,37.2,25.6,MODERATE
MY-CELL-502-12-57254,3.02592,101.41084,502,12,Maxis,LTE,57254,2023-05-15,Data from OpenCelliD licensed under CC BY-SA 4.0,Klang,Suburban_Fringe,13.9,0.5,3.76,3.6,0.42,168.1,287.3,0,None,0.1289,12.9,74.2,LOW
MY-CELL-502-19-40306,3.05628,101.44614,502,19,Celcom,LTE,40306,2023-05-15,Data from OpenCelliD licensed under CC BY-SA 4.0,Klang,Suburban_Fringe,7.6,1.7,0.82,67.8,0.16,193.3,317.9,0,None,0.9581,95.8,91.6,HIGH
MY-CELL-502-19-26371,3.0261,101.39893,502,19,Celcom,UMTS,26371,2023-05-15,Data from OpenCelliD licensed under CC BY-SA 4.0,Klang,Suburban_Fringe,9.8,1.1,2.61,0.8,0.39,205.3,335.6,0,None,0.2591,25.9,48.2,LOW
MY-CELL-502-01-12049,3.02603,101.44694,502,1,U Mobile,LTE,12049,2023-05-15,Data from OpenCelliD licensed under CC BY-SA 4.0,Klang,Suburban_Fringe,10.6,1.7,2.68,3.7,0.4,194.0,327.1,0,None,0.1486,14.9,70.3,LOW
MY-CELL-502-12-30932,3.04726,101.32141,502,12,Maxis,UMTS,30932,2023-05-15,Data from OpenCelliD licensed under CC BY-SA 4.0,Klang,Suburban_Fringe,20.3,2.0,6.55,0.0,0.49,187.2,292.7,0,None,0.0417,4.2,91.7,LOW
MY-CELL-502-12-82694,2.9826,101.42466,502,12,Maxis,LTE,82694,2023-05-15,Data from OpenCelliD licensed under CC BY-SA 4.0,Klang,Suburban_Fringe,24.1,0.5,7.99,2.6,0.46,221.9,324.1,0,None,0.1365,13.6,72.7,LOW
MY-CELL-502-12-52642,2.98825,101.40261,502,12,Maxis,LTE,52642,2023-05-15,Data from OpenCelliD licensed under CC BY-SA 4.0,Klang,Suburban_Fringe,18.5,0.9,6.27,4.8,0.45,171.8,289.5,0,None,0.0218,2.2,95.6,LOW
MY-CELL-502-01-14499,3.02313,101.39103,502,1,U Mobile,LTE,14499,2023-05-15,Data from OpenCelliD licensed under CC BY-SA 4.0,Klang,Suburban_Fringe,9.7,1.7,2.24,33.4,0.3,175.2,263.2,0,None,0.2798,28.0,44.0,LOW
MY-CELL-502-01-22183,3.00962,101.40275,502,1,U Mobile,LTE,22183,2023-05-15,Data from OpenCelliD licensed under CC BY-SA 4.0,Klang,Suburban_Fringe,15.0,1.3,4.21,3.0,0.43,149.6,253.3,0,None,0.061,6.1,87.8,LOW
MY-CELL-502-01-42711,3.04943,101.34037,502,1,U Mobile,LTE,42711,2023-05-15,Data from OpenCelliD licensed under CC BY-SA 4.0,Klang,Suburban_Fringe,14.8,0.8,4.52,2.7,0.46,232.2,344.8,0,None,0.1094,10.9,78.1,LOW
MY-CELL-502-01-58354,3.01276,101.39341,502,1,U Mobile,UMTS,58354,2023-05-15,Data from OpenCelliD licensed under CC BY-SA 4.0,Klang,Suburban_Fringe,12.8,1.2,3.37,0.0,0.45,186.5,333.4,0,None,0.4543,45.4,9.1,MODERATE
MY-CELL-502-01-92018,2.99763,101.41071,502,1,U Mobile,LTE,92018,2023-05-15,Data from OpenCelliD licensed under CC BY-SA 4.0,Klang,Suburban_Fringe,18.2,1.4,5.81,2.9,0.38,213.6,334.9,0,None,0.035,3.5,93.0,LOW
MY-CELL-502-12-78497,3.08397,101.44434,502,12,Maxis,GSM,78497,2023-05-15,Data from OpenCelliD licensed under CC BY-SA 4.0,Klang,Suburban_Fringe,14.7,0.7,3.82,5.8,0.36,199.7,342.6,1,DID_Dec2021_Records,0.3472,34.7,30.6,LOW
MY-CELL-502-01-87505,3.03323,101.38445,502,1,U Mobile,LTE,87505,2023-05-15,Data from OpenCelliD licensed under CC BY-SA 4.0,Klang,Suburban_Fringe,4.8,0.9,0.9,73.3,0.13,146.2,257.2,1,JRC_Surface_Water_Occurrence,0.9913,99.1,98.3,HIGH
MY-CELL-502-16-71135,3.04203,101.37575,502,16,Digi,LTE,71135,2023-05-15,Data from OpenCelliD licensed under CC BY-SA 4.0,Klang,Suburban_Fringe,3.7,1.4,0.52,74.6,0.23,165.4,270.6,1,JRC_Surface_Water_Occurrence,0.9878,98.8,97.6,HIGH
MY-CELL-502-12-48467,2.99726,101.38495,502,12,Maxis,LTE,48467,2023-05-15,Data from OpenCelliD licensed under CC BY-SA 4.0,Klang,Suburban_Fringe,17.2,0.6,4.78,3.5,0.5,144.8,257.6,0,None,0.0426,4.3,91.5,LOW
MY-CELL-502-12-96831,3.02367,101.42746,502,12,Maxis,GSM,96831,2023-05-15,Data from OpenCelliD licensed under CC BY-SA 4.0,Klang,Suburban_Fringe,14.0,1.6,3.85,0.5,0.38,198.0,312.5,0,None,0.2847,28.5,43.1,LOW
MY-CELL-502-01-96416,3.04333,101.40986,502,1,U Mobile,LTE,96416,2023-05-15,Data from OpenCelliD licensed under CC BY-SA 4.0,Klang,Suburban_Fringe,12.7,1.4,3.34,1.6,0.46,192.3,291.6,0,None,0.1918,19.2,61.6,LOW
MY-CELL-502-01-80091,3.00547,101.38411,502,1,U Mobile,LTE,80091,2023-05-15,Data from OpenCelliD licensed under CC BY-SA 4.0,Klang,Suburban_Fringe,16.4,1.4,3.86,0.6,0.48,160.6,282.4,0,None,0.0849,8.5,83.0,LOW
MY-CELL-502-19-55525,3.05127,101.4154,502,19,Celcom,LTE,55525,2023-05-15,Data from OpenCelliD licensed under CC BY-SA 4.0,Klang,Suburban_Fringe,15.3,0.8,3.84,4.9,0.45,205.6,344.1,0,None,0.0442,4.4,91.2,LOW
MY-CELL-502-19-84290,3.02198,101.40291,502,19,Celcom,GSM,84290,2023-05-15,Data from OpenCelliD licensed under CC BY-SA 4.0,Klang,Suburban_Fringe,11.7,0.8,3.24,1.2,0.4,183.1,298.2,0,None,0.4858,48.6,2.8,MODERATE
MY-CELL-502-16-40746,3.03125,101.42906,502,16,Digi,LTE,40746,2023-05-15,Data from OpenCelliD licensed under CC BY-SA 4.0,Klang,Suburban_Fringe,12.2,1.6,3.12,3.0,0.51,178.4,329.2,0,None,0.1077,10.8,78.5,LOW
MY-CELL-502-16-64045,3.02195,101.37894,502,16,Digi,GSM,64045,2023-05-15,Data from OpenCelliD licensed under CC BY-SA 4.0,Klang,Suburban_Fringe,10.0,0.8,2.01,36.2,0.33,179.4,300.1,0,None,0.2695,27.0,46.1,LOW
MY-CELL-502-12-49790,3.09557,101.39017,502,12,Maxis,UMTS,49790,2023-05-15,Data from OpenCelliD licensed under CC BY-SA 4.0,Klang,Suburban_Fringe,20.4,1.2,6.27,1.3,0.37,173.8,296.6,0,None,0.0956,9.6,80.9,LOW
MY-CELL-502-01-50764,3.0396,101.38824,502,1,U Mobile,LTE,50764,2023-05-15,Data from OpenCelliD licensed under CC BY-SA 4.0,Klang,Suburban_Fringe,6.6,0.6,0.92,73.4,0.18,162.9,275.2,0,None,0.9935,99.3,98.7,HIGH
MY-CELL-502-01-66835,3.00827,101.35609,502,1,U Mobile,LTE,66835,2023-05-15,Data from OpenCelliD licensed under CC BY-SA 4.0,Klang,Suburban_Fringe,15.1,0.6,4.41,3.7,0.46,212.1,337.9,0,None,0.0456,4.6,90.9,LOW
MY-CELL-502-19-83744,3.06468,101.40888,502,19,Celcom,LTE,83744,2023-05-15,Data from OpenCelliD licensed under CC BY-SA 4.0,Klang,Suburban_Fringe,12.5,0.7,4.22,4.0,0.46,197.9,365.7,0,None,0.1699,17.0,66.0,LOW
MY-CELL-502-01-28589,3.00337,101.40783,502,1,U Mobile,UMTS,28589,2023-05-15,Data from OpenCelliD licensed under CC BY-SA 4.0,Klang,Suburban_Fringe,17.6,1.8,5.11,4.9,0.46,177.1,298.5,0,None,0.0187,1.9,96.3,LOW
MY-CELL-502-12-53525,3.04627,101.40015,502,12,Maxis,GSM,53525,2023-05-15,Data from OpenCelliD licensed under CC BY-SA 4.0,Klang,Suburban_Fringe,8.7,1.1,2.34,32.6,0.32,242.9,324.9,0,None,0.1863,18.6,62.7,LOW
MY-CELL-502-19-73208,2.98121,101.39296,502,19,Celcom,UMTS,73208,2023-05-15,Data from OpenCelliD licensed under CC BY-SA 4.0,Klang,Suburban_Fringe,21.7,0.5,6.68,2.1,0.5,186.6,280.4,0,None,0.0382,3.8,92.4,LOW
MY-CELL-502-12-10301,3.00015,101.35754,502,12,Maxis,GSM,10301,2023-05-15,Data from OpenCelliD licensed under CC BY-SA 4.0,Klang,Suburban_Fringe,15.6,1.5,5.08,1.5,0.45,186.1,286.3,0,None,0.0212,2.1,95.8,LOW
MY-CELL-502-12-76235,3.04591,101.38738,502,12,Maxis,LTE,76235,2023-05-15,Data from OpenCelliD licensed under CC BY-SA 4.0,Klang,Suburban_Fringe,9.8,1.5,1.05,52.5,0.25,168.5,291.3,0,None,0.3389,33.9,32.2,LOW
MY-CELL-502-12-75726,3.06215,101.38972,502,12,Maxis,UMTS,75726,2023-05-15,Data from OpenCelliD licensed under CC BY-SA 4.0,Klang,Suburban_Fringe,9.5,1.1,2.68,4.0,0.48,155.0,260.0,0,None,0.0643,6.4,87.1,LOW
MY-CELL-502-12-16102,3.04514,101.37593,502,12,Maxis,GSM,16102,2023-05-15,Data from OpenCelliD licensed under CC BY-SA 4.0,Klang,Suburban_Fringe,5.1,0.9,0.73,90.9,0.11,153.5,277.3,1,JRC_Surface_Water_Occurrence,0.994,99.4,98.8,HIGH
MY-CELL-502-12-36641,3.03653,101.39516,502,12,Maxis,LTE,36641,2023-05-15,Data from OpenCelliD licensed under CC BY-SA 4.0,Klang,Suburban_Fringe,11.5,1.7,1.73,39.6,0.27,216.7,316.1,0,None,0.2998,30.0,40.0,LOW
MY-CELL-502-12-33093,3.03097,101.41212,502,12,Maxis,LTE,33093,2023-05-15,Data from OpenCelliD licensed under CC BY-SA 4.0,Klang,Suburban_Fringe,13.9,1.6,3.7,1.1,0.44,104.0,198.6,0,None,0.0545,5.5,89.1,LOW
MY-CELL-502-16-61885,2.99564,101.45659,502,16,Digi,LTE,61885,2023-05-15,Data from OpenCelliD licensed under CC BY-SA 4.0,Klang,Suburban_Fringe,18.8,0.6,6.08,6.3,0.35,174.0,286.0,0,None,0.2229,22.3,55.4,LOW
MY-CELL-502-01-82991,3.0184,101.40524,502,1,U Mobile,LTE,82991,2023-05-15,Data from OpenCelliD licensed under CC BY-SA 4.0,Klang,Suburban_Fringe,15.4,0.5,3.69,5.3,0.43,160.5,277.4,0,None,0.1514,15.1,69.7,LOW
MY-CELL-502-19-66958,3.02618,101.40773,502,19,Celcom,LTE,66958,2023-05-15,Data from OpenCelliD licensed under CC BY-SA 4.0,Klang,Suburban_Fringe,12.9,0.9,3.44,3.1,0.42,187.8,307.7,0,None,0.2995,29.9,40.1,LOW
MY-CELL-502-19-55017,3.07171,101.39777,502,19,Celcom,LTE,55017,2023-05-15,Data from OpenCelliD licensed under CC BY-SA 4.0,Klang,Suburban_Fringe,16.5,0.6,4.03,7.3,0.32,181.2,300.0,0,None,0.2539,25.4,49.2,LOW
MY-CELL-502-12-88069,3.05031,101.34244,502,12,Maxis,LTE,88069,2023-05-15,Data from OpenCelliD licensed under CC BY-SA 4.0,Klang,Suburban_Fringe,15.2,0.9,4.32,2.6,0.41,170.3,293.0,0,None,0.0733,7.3,85.3,LOW
MY-CELL-502-01-15801,2.98711,101.3992,502,1,U Mobile,GSM,15801,2023-05-15,Data from OpenCelliD licensed under CC BY-SA 4.0,Klang,Suburban_Fringe,20.2,0.9,6.25,4.8,0.45,205.3,324.7,0,None,0.0141,1.4,97.2,LOW
MY-CELL-502-19-60993,3.04972,101.40181,502,19,Celcom,LTE,60993,2023-05-15,Data from OpenCelliD licensed under CC BY-SA 4.0,Klang,Suburban_Fringe,9.4,0.9,2.65,4.5,0.46,184.5,296.3,0,None,0.0792,7.9,84.2,LOW
MY-CELL-502-12-98891,3.02845,101.4739,502,12,Maxis,GSM,98891,2023-05-15,Data from OpenCelliD licensed under CC BY-SA 4.0,Gombak / Fringe,Suburban_Fringe,42.2,2.8,3.57,1.3,0.43,105.6,186.6,0,None,0.0023,0.2,99.5,LOW
MY-CELL-502-16-80316,3.01969,101.39423,502,16,Digi,LTE,80316,2023-05-15,Data from OpenCelliD licensed under CC BY-SA 4.0,Klang,Suburban_Fringe,12.1,1.6,2.75,5.6,0.43,202.0,307.3,0,None,0.4658,46.6,6.8,MODERATE
MY-CELL-502-01-87575,3.05835,101.40905,502,1,U Mobile,LTE,87575,2023-05-15,Data from OpenCelliD licensed under CC BY-SA 4.0,Klang,Suburban_Fringe,14.0,1.1,3.81,3.2,0.47,164.5,305.9,0,None,0.0115,1.2,97.7,LOW
MY-CELL-502-01-97922,3.07093,101.39896,502,1,U Mobile,UMTS,97922,2023-05-15,Data from OpenCelliD licensed under CC BY-SA 4.0,Klang,Suburban_Fringe,12.6,0.6,4.03,5.3,0.47,200.6,320.0,0,None,0.1589,15.9,68.2,LOW
MY-CELL-502-19-42097,3.06794,101.36494,502,19,Celcom,UMTS,42097,2023-05-15,Data from OpenCelliD licensed under CC BY-SA 4.0,Klang,Suburban_Fringe,12.8,0.8,3.52,3.2,0.4,209.4,317.2,0,None,0.3367,33.7,32.7,LOW
MY-CELL-502-16-62921,3.01482,101.43428,502,16,Digi,LTE,62921,2023-05-15,Data from OpenCelliD licensed under CC BY-SA 4.0,Klang,Suburban_Fringe,13.5,1.0,4.28,3.8,0.41,164.4,278.1,0,None,0.1739,17.4,65.2,LOW
MY-CELL-502-19-32677,3.03072,101.42256,502,19,Celcom,GSM,32677,2023-05-15,Data from OpenCelliD licensed under CC BY-SA 4.0,Klang,Suburban_Fringe,13.7,0.9,3.72,2.1,0.45,148.8,237.7,0,None,0.095,9.5,81.0,LOW
MY-CELL-502-16-66661,3.04994,101.42373,502,16,Digi,LTE,66661,2023-05-15,Data from OpenCelliD licensed under CC BY-SA 4.0,Klang,Suburban_Fringe,10.2,1.1,2.92,3.6,0.51,206.4,314.0,0,None,0.0344,3.4,93.1,LOW
MY-CELL-502-12-80313,3.06927,101.37272,502,12,Maxis,UMTS,80313,2023-05-15,Data from OpenCelliD licensed under CC BY-SA 4.0,Klang,Suburban_Fringe,12.3,0.7,3.35,3.0,0.42,193.1,290.7,0,None,0.3215,32.2,35.7,LOW
MY-CELL-502-16-78027,3.02562,101.44208,502,16,Digi,LTE,78027,2023-05-15,Data from OpenCelliD licensed under CC BY-SA 4.0,Klang,Suburban_Fringe,11.9,2.0,2.85,2.8,0.46,202.3,306.3,0,None,0.0763,7.6,84.7,LOW
MY-CELL-502-12-90135,3.03443,101.35794,502,12,Maxis,LTE,90135,2023-05-15,Data from OpenCelliD licensed under CC BY-SA 4.0,Klang,Suburban_Fringe,10.7,1.2,2.53,3.2,0.4,185.6,303.1,0,None,0.1074,10.7,78.5,LOW
MY-CELL-502-19-11062,3.05569,101.5214,502,19,Celcom,LTE,11062,2023-05-15,Data from OpenCelliD licensed under CC BY-SA 4.0,Shah Alam (Central),Urban_Core,11.5,1.7,2.12,59.2,0.17,206.8,319.6,1,DID_Dec2021_Records,0.9499,95.0,90.0,HIGH
MY-CELL-502-12-31545,3.08359,101.51229,502,12,Maxis,GSM,31545,2023-05-15,Data from OpenCelliD licensed under CC BY-SA 4.0,Shah Alam (Central),Urban_Core,12.3,0.8,2.01,38.0,0.27,131.9,234.0,0,None,0.3122,31.2,37.6,LOW
MY-CELL-502-16-19348,3.05539,101.52227,502,16,Digi,LTE,19348,2023-05-15,Data from OpenCelliD licensed under CC BY-SA 4.0,Shah Alam (Central),Urban_Core,7.9,1.3,2.03,47.0,0.36,208.8,310.1,1,DID_Dec2021_Records,0.8477,84.8,69.5,HIGH
MY-CELL-502-19-99930,3.07433,101.53324,502,19,Celcom,GSM,99930,2023-05-15,Data from OpenCelliD licensed under CC BY-SA 4.0,Shah Alam (Central),Urban_Core,4.5,1.4,0.72,66.4,0.28,214.5,317.5,1,DID_Dec2021_Records,0.9464,94.6,89.3,HIGH
MY-CELL-502-16-58136,3.07091,101.55172,502,16,Digi,UMTS,58136,2023-05-15,Data from OpenCelliD licensed under CC BY-SA 4.0,Subang Jaya,Urban_Core,18.3,5.1,1.78,0.9,0.51,78.1,142.1,1,DID_Dec2021_Records,0.29,29.0,42.0,LOW
MY-CELL-502-16-82592,3.05697,101.49524,502,16,Digi,LTE,82592,2023-05-15,Data from OpenCelliD licensed under CC BY-SA 4.0,Shah Alam (Central),Urban_Core,15.6,1.2,4.63,2.1,0.47,158.3,266.2,0,None,0.0071,0.7,98.6,LOW
MY-CELL-502-12-60343,3.11288,101.56266,502,12,Maxis,GSM,60343,2023-05-15,Data from OpenCelliD licensed under CC BY-SA 4.0,Petaling Jaya,Urban_Core,35.4,4.1,3.35,1.4,0.39,79.3,162.1,0,None,0.0048,0.5,99.0,LOW
MY-CELL-502-16-98858,3.08268,101.48096,502,16,Digi,LTE,98858,2023-05-15,Data from OpenCelliD licensed under CC BY-SA 4.0,Shah Alam (Central),Urban_Core,17.0,0.8,5.0,6.1,0.43,214.5,325.5,0,None,0.051,5.1,89.8,LOW
MY-CELL-502-16-93460,3.0295,101.51696,502,16,Digi,LTE,93460,2023-05-15,Data from OpenCelliD licensed under CC BY-SA 4.0,Gombak / Fringe,Suburban_Fringe,49.5,5.6,4.24,0.9,0.49,122.9,206.6,0,None,0.0037,0.4,99.3,LOW
MY-CELL-502-12-64693,3.07373,101.53177,502,12,Maxis,GSM,64693,2023-05-15,Data from OpenCelliD licensed under CC BY-SA 4.0,Shah Alam (Central),Urban_Core,4.4,1.5,0.72,85.5,0.05,155.4,234.8,1,DID_Dec2021_Records,0.9638,96.4,92.8,HIGH
MY-CELL-502-19-36432,3.05676,101.52562,502,19,Celcom,GSM,36432,2023-05-15,Data from OpenCelliD licensed under CC BY-SA 4.0,Shah Alam (Central),Urban_Core,7.7,1.6,1.64,66.0,0.19,225.7,315.0,1,DID_Dec2021_Records,0.9424,94.2,88.5,HIGH
MY-CELL-502-16-67854,3.08705,101.50755,502,16,Digi,UMTS,67854,2023-05-15,Data from OpenCelliD licensed under CC BY-SA 4.0,Shah Alam (Central),Urban_Core,8.0,1.2,2.61,3.8,0.43,133.3,242.0,0,None,0.1106,11.1,77.9,LOW
MY-CELL-502-19-11324,3.05415,101.51584,502,19,Celcom,LTE,11324,2023-05-15,Data from OpenCelliD licensed under CC BY-SA 4.0,Shah Alam (Central),Urban_Core,8.9,1.5,2.76,3.7,0.39,172.2,266.3,0,None,0.1799,18.0,64.0,LOW
MY-CELL-502-01-45909,3.06771,101.51014,502,1,U Mobile,UMTS,45909,2023-05-15,Data from OpenCelliD licensed under CC BY-SA 4.0,Shah Alam (Central),Urban_Core,10.4,1.7,2.59,1.0,0.47,171.7,269.8,0,None,0.0879,8.8,82.4,LOW
MY-CELL-502-01-82124,3.0801,101.50821,502,1,U Mobile,LTE,82124,2023-05-15,Data from OpenCelliD licensed under CC BY-SA 4.0,Shah Alam (Central),Urban_Core,9.9,0.7,2.42,30.1,0.27,234.1,344.6,0,None,0.2032,20.3,59.4,LOW
MY-CELL-502-01-35289,3.08732,101.53699,502,1,U Mobile,LTE,35289,2023-05-15,Data from OpenCelliD licensed under CC BY-SA 4.0,Shah Alam (Central),Urban_Core,5.8,1.3,1.12,66.1,0.17,200.4,321.8,1,DID_Dec2021_Records,0.9876,98.8,97.5,HIGH
MY-CELL-502-16-25485,3.04599,101.52714,502,16,Digi,LTE,25485,2023-05-15,Data from OpenCelliD licensed under CC BY-SA 4.0,Shah Alam (Central),Urban_Core,8.5,0.9,2.11,40.0,0.17,147.1,277.6,1,DID_Dec2021_Records,0.9412,94.1,88.2,HIGH
MY-CELL-502-19-14748,3.06331,101.50614,502,19,Celcom,GSM,14748,2023-05-15,Data from OpenCelliD licensed under CC BY-SA 4.0,Shah Alam (Central),Urban_Core,14.5,1.1,3.23,4.2,0.45,262.0,388.8,0,None,0.0603,6.0,87.9,LOW
MY-CELL-502-16-13709,3.0605,101.53799,502,16,Digi,UMTS,13709,2023-05-15,Data from OpenCelliD licensed under CC BY-SA 4.0,Shah Alam (Central),Urban_Core,4.4,0.7,0.23,76.4,0.15,166.1,254.8,1,DID_Dec2021_Records,0.9913,99.1,98.3,HIGH
MY-CELL-502-16-65771,3.05693,101.52615,502,16,Digi,UMTS,65771,2023-05-15,Data from OpenCelliD licensed under CC BY-SA 4.0,Shah Alam (Central),Urban_Core,7.0,0.7,1.57,69.2,0.22,184.8,317.0,1,DID_Dec2021_Records,0.9824,98.2,96.5,HIGH
MY-CELL-502-01-35470,3.10531,101.53626,502,1,U Mobile,GSM,35470,2023-05-15,Data from OpenCelliD licensed under CC BY-SA 4.0,Shah Alam (Central),Urban_Core,11.3,0.8,2.89,6.0,0.45,159.1,266.2,0,None,0.1301,13.0,74.0,LOW
MY-CELL-502-12-49298,3.0781,101.53259,502,12,Maxis,LTE,49298,2023-05-15,Data from OpenCelliD licensed under CC BY-SA 4.0,Shah Alam (Central),Urban_Core,3.6,0.5,0.36,93.4,0.17,150.0,268.4,1,DID_Dec2021_Records,0.9913,99.1,98.3,HIGH
MY-CELL-502-12-71629,3.04478,101.50342,502,12,Maxis,UMTS,71629,2023-05-15,Data from OpenCelliD licensed under CC BY-SA 4.0,Shah Alam (Central),Urban_Core,14.0,1.0,4.4,1.8,0.4,186.2,283.7,0,None,0.0828,8.3,83.4,LOW
MY-CELL-502-12-38016,3.08836,101.5088,502,12,Maxis,UMTS,38016,2023-05-15,Data from OpenCelliD licensed under CC BY-SA 4.0,Shah Alam (Central),Urban_Core,10.7,1.2,2.53,2.5,0.39,170.6,291.9,0,None,0.1229,12.3,75.4,LOW
MY-CELL-502-12-77641,3.11244,101.53495,502,12,Maxis,LTE,77641,2023-05-15,Data from OpenCelliD licensed under CC BY-SA 4.0,Shah Alam (Central),Urban_Core,13.9,0.7,3.64,3.2,0.47,143.3,261.5,0,None,0.0546,5.5,89.1,LOW
MY-CELL-502-01-32700,3.09065,101.53221,502,1,U Mobile,GSM,32700,2023-05-15,Data from OpenCelliD licensed under CC BY-SA 4.0,Shah Alam (Central),Urban_Core,6.0,1.5,1.21,58.6,0.13,144.3,255.0,1,DID_Dec2021_Records,0.983,98.3,96.6,HIGH
MY-CELL-502-12-30559,3.03961,101.51958,502,12,Maxis,GSM,30559,2023-05-15,Data from OpenCelliD licensed under CC BY-SA 4.0,Shah Alam (Central),Urban_Core,12.4,0.7,3.2,4.3,0.35,183.3,275.1,1,DID_Dec2021_Records,0.872,87.2,74.4,HIGH
MY-CELL-502-16-71642,3.06032,101.52235,502,16,Digi,GSM,71642,2023-05-15,Data from OpenCelliD licensed under CC BY-SA 4.0,Shah Alam (Central),Urban_Core,7.9,1.2,1.96,39.1,0.27,210.2,311.5,0,None,0.2587,25.9,48.3,LOW
MY-CELL-502-01-40354,3.09534,101.54555,502,1,U Mobile,GSM,40354,2023-05-15,Data from OpenCelliD licensed under CC BY-SA 4.0,Shah Alam (Central),Urban_Core,11.3,0.6,2.42,38.7,0.37,123.2,221.2,1,DID_Dec2021_Records,0.8507,85.1,70.1,HIGH
MY-CELL-502-01-81726,3.05585,101.50817,502,1,U Mobile,LTE,81726,2023-05-15,Data from OpenCelliD licensed under CC BY-SA 4.0,Shah Alam (Central),Urban_Core,13.8,1.1,3.56,3.7,0.41,187.2,294.9,0,None,0.0788,7.9,84.2,LOW
MY-CELL-502-12-48413,3.07888,101.53094,502,12,Maxis,LTE,48413,2023-05-15,Data from OpenCelliD licensed under CC BY-SA 4.0,Shah Alam (Central),Urban_Core,6.2,1.3,0.16,93.7,0.05,172.8,276.3,1,DID_Dec2021_Records,0.9965,99.7,99.3,HIGH
MY-CELL-502-19-78866,3.08549,101.51596,502,19,Celcom,LTE,78866,2023-05-15,Data from OpenCelliD licensed under CC BY-SA 4.0,Shah Alam (Central),Urban_Core,8.8,1.0,1.67,55.6,0.33,206.8,311.9,0,None,0.2304,23.0,53.9,LOW
MY-CELL-502-01-17114,3.05146,101.51565,502,1,U Mobile,LTE,17114,2023-05-15,Data from OpenCelliD licensed under CC BY-SA 4.0,Shah Alam (Central),Urban_Core,13.0,1.0,2.86,0.0,0.4,138.2,242.9,1,DID_Dec2021_Records,0.841,84.1,68.2,HIGH
MY-CELL-502-01-20975,3.06881,101.54198,502,1,U Mobile,LTE,20975,2023-05-15,Data from OpenCelliD licensed under CC BY-SA 4.0,Subang Jaya,Urban_Core,23.1,5.5,1.0,1.2,0.43,126.6,174.5,1,DID_Dec2021_Records,0.0426,4.3,91.5,LOW
MY-CELL-502-01-33959,3.00517,101.53651,502,1,U Mobile,UMTS,33959,2023-05-15,Data from OpenCelliD licensed under CC BY-SA 4.0,Gombak / Fringe,Suburban_Fringe,49.7,4.4,6.1,0.3,0.51,116.8,182.6,0,None,0.0027,0.3,99.5,LOW
MY-CELL-502-01-39703,3.04951,101.53627,502,1,U Mobile,GSM,39703,2023-05-15,Data from OpenCelliD licensed under CC BY-SA 4.0,Shah Alam (Central),Urban_Core,8.0,2.3,1.24,65.5,0.2,173.5,270.8,1,DID_Dec2021_Records,0.9259,92.6,85.2,HIGH
MY-CELL-502-16-71529,3.06495,101.54611,502,16,Digi,UMTS,71529,2023-05-15,Data from OpenCelliD licensed under CC BY-SA 4.0,Subang Jaya,Urban_Core,26.5,2.5,0.87,44.3,0.28,100.4,175.2,1,DID_Dec2021_Records,0.0252,2.5,95.0,LOW
MY-CELL-502-01-41921,3.04504,101.52042,502,1,U Mobile,LTE,41921,2023-05-15,Data from OpenCelliD licensed under CC BY-SA 4.0,Shah Alam (Central),Urban_Core,11.4,1.7,2.74,2.0,0.43,160.5,263.8,1,DID_Dec2021_Records,0.7932,79.3,58.6,HIGH
MY-CELL-502-01-14835,3.10265,101.53364,502,1,U Mobile,UMTS,14835,2023-05-15,Data from OpenCelliD licensed under CC BY-SA 4.0,Shah Alam (Central),Urban_Core,10.9,1.6,2.55,1.2,0.49,218.9,335.1,0,None,0.0537,5.4,89.3,LOW
MY-CELL-502-01-57605,3.0414,101.51379,502,1,U Mobile,LTE,57605,2023-05-15,Data from OpenCelliD licensed under CC BY-SA 4.0,Shah Alam (Central),Urban_Core,15.7,0.8,3.57,0.5,0.36,222.4,342.2,1,DID_Dec2021_Records,0.8322,83.2,66.4,HIGH
MY-CELL-502-19-48088,3.0612,101.52648,502,19,Celcom,LTE,48088,2023-05-15,Data from OpenCelliD licensed under CC BY-SA 4.0,Shah Alam (Central),Urban_Core,7.7,1.3,1.51,48.2,0.38,188.2,299.8,0,None,0.1765,17.6,64.7,LOW
MY-CELL-502-12-67043,3.07261,101.5174,502,12,Maxis,GSM,67043,2023-05-15,Data from OpenCelliD licensed under CC BY-SA 4.0,Shah Alam (Central),Urban_Core,9.1,1.4,1.62,56.3,0.19,196.8,335.0,0,None,0.2635,26.4,47.3,LOW
MY-CELL-502-12-92844,3.09883,101.52194,502,12,Maxis,UMTS,92844,2023-05-15,Data from OpenCelliD licensed under CC BY-SA 4.0,Shah Alam (Central),Urban_Core,11.7,2.0,2.27,34.2,0.26,181.9,292.7,0,None,0.1436,14.4,71.3,LOW
MY-CELL-502-12-55445,3.04128,101.5319,502,12,Maxis,LTE,55445,2023-05-15,Data from OpenCelliD licensed under CC BY-SA 4.0,Shah Alam (Central),Urban_Core,11.3,0.5,2.26,50.7,0.24,174.3,269.1,1,DID_Dec2021_Records,0.9591,95.9,91.8,HIGH
MY-CELL-502-16-59407,3.09326,101.50364,502,16,Digi,LTE,59407,2023-05-15,Data from OpenCelliD licensed under CC BY-SA 4.0,Shah Alam (Central),Urban_Core,9.7,1.6,3.28,3.1,0.37,152.6,257.6,0,None,0.1327,13.3,73.5,LOW
MY-CELL-502-12-75545,3.0702,101.56185,502,12,Maxis,LTE,75545,2023-05-15,Data from OpenCelliD licensed under CC BY-SA 4.0,Petaling Jaya,Urban_Core,39.7,3.2,2.68,0.2,0.44,104.5,147.5,0,None,0.0148,1.5,97.0,LOW
MY-CELL-502-01-66570,3.05037,101.49988,502,1,U Mobile,LTE,66570,2023-05-15,Data from OpenCelliD licensed under CC BY-SA 4.0,Shah Alam (Central),Urban_Core,15.4,1.1,4.58,4.4,0.52,213.2,319.2,0,None,0.0143,1.4,97.1,LOW
MY-CELL-502-12-11015,3.07924,101.49572,502,12,Maxis,GSM,11015,2023-05-15,Data from OpenCelliD licensed under CC BY-SA 4.0,Shah Alam (Central),Urban_Core,11.9,2.5,3.81,3.1,0.44,184.4,297.4,0,None,0.0693,6.9,86.1,LOW
MY-CELL-502-12-18415,3.07398,101.54316,502,12,Maxis,LTE,18415,2023-05-15,Data from OpenCelliD licensed under CC BY-SA 4.0,Subang Jaya,Urban_Core,25.2,2.8,1.59,0.7,0.45,99.1,162.0,1,DID_Dec2021_Records,0.0618,6.2,87.6,LOW
MY-CELL-502-19-72292,3.058,101.53583,502,19,Celcom,LTE,72292,2023-05-15,Data from OpenCelliD licensed under CC BY-SA 4.0,Shah Alam (Central),Urban_Core,5.4,1.1,0.51,94.3,0.05,212.3,341.0,1,DID_Dec2021_Records,0.9532,95.3,90.6,HIGH
MY-CELL-502-19-60448,3.08768,101.59704,502,19,Celcom,LTE,60448,2023-05-15,Data from OpenCelliD licensed under CC BY-SA 4.0,Petaling Jaya,Urban_Core,15.5,3.1,1.58,0.8,0.38,94.4,153.3,0,None,0.0754,7.5,84.9,LOW
MY-CELL-502-19-57915,3.12872,101.60795,502,19,Celcom,LTE,57915,2023-05-15,Data from OpenCelliD licensed under CC BY-SA 4.0,Petaling Jaya,Urban_Core,45.6,4.6,3.76,1.6,0.48,87.4,152.2,0,None,0.0077,0.8,98.5,LOW
MY-CELL-502-12-13596,3.10517,101.58361,502,12,Maxis,LTE,13596,2023-05-15,Data from OpenCelliD licensed under CC BY-SA 4.0,Petaling Jaya,Urban_Core,25.0,2.0,0.91,43.6,0.31,105.2,171.5,0,None,0.0278,2.8,94.4,LOW
MY-CELL-502-01-17561,3.12465,101.63829,502,1,U Mobile,LTE,17561,2023-05-15,Data from OpenCelliD licensed under CC BY-SA 4.0,Petaling Jaya,Urban_Core,28.6,4.0,1.4,0.8,0.5,88.4,164.6,0,None,0.0085,0.8,98.3,LOW
MY-CELL-502-19-36734,3.10437,101.5765,502,19,Celcom,LTE,36734,2023-05-15,Data from OpenCelliD licensed under CC BY-SA 4.0,Petaling Jaya,Urban_Core,28.9,3.1,1.58,1.2,0.38,128.5,196.7,0,None,0.03,3.0,94.0,LOW
MY-CELL-502-01-22910,3.09031,101.66064,502,1,U Mobile,LTE,22910,2023-05-15,Data from OpenCelliD licensed under CC BY-SA 4.0,Petaling Jaya,Urban_Core,32.9,4.8,3.5,0.6,0.38,78.9,155.0,0,None,0.0073,0.7,98.5,LOW
MY-CELL-502-01-33275,3.13278,101.58472,502,1,U Mobile,LTE,33275,2023-05-15,Data from OpenCelliD licensed under CC BY-SA 4.0,Petaling Jaya,Urban_Core,30.0,5.6,3.69,0.0,0.53,114.2,183.2,0,None,0.0064,0.6,98.7,LOW
MY-CELL-502-19-70004,3.1045,101.65,502,19,Celcom,LTE,70004,2023-05-15,Data from OpenCelliD licensed under CC BY-SA 4.0,Kuala Lumpur,Urban_Core,23.9,4.0,1.72,1.0,0.5,112.3,183.8,0,None,0.0195,1.9,96.1,LOW
MY-CELL-502-16-64553,3.10333,101.60184,502,16,Digi,UMTS,64553,2023-05-15,Data from OpenCelliD licensed under CC BY-SA 4.0,Petaling Jaya,Urban_Core,23.0,3.4,1.37,1.2,0.36,83.0,160.4,0,None,0.0152,1.5,97.0,LOW
MY-CELL-502-01-85703,3.11615,101.63122,502,1,U Mobile,LTE,85703,2023-05-15,Data from OpenCelliD licensed under CC BY-SA 4.0,Petaling Jaya,Urban_Core,29.5,3.3,2.13,1.0,0.46,99.2,161.4,0,None,0.0077,0.8,98.5,LOW
MY-CELL-502-19-13812,3.11848,101.60495,502,19,Celcom,GSM,13812,2023-05-15,Data from OpenCelliD licensed under CC BY-SA 4.0,Petaling Jaya,Urban_Core,32.2,2.3,2.64,1.2,0.36,130.6,205.3,0,None,0.0105,1.0,97.9,LOW
MY-CELL-502-12-37285,3.11626,101.65347,502,12,Maxis,LTE,37285,2023-05-15,Data from OpenCelliD licensed under CC BY-SA 4.0,Kuala Lumpur,Urban_Core,22.1,4.7,0.57,49.7,0.33,130.3,181.9,0,None,0.0459,4.6,90.8,LOW
MY-CELL-502-12-87149,3.07299,101.62087,502,12,Maxis,UMTS,87149,2023-05-15,Data from OpenCelliD licensed under CC BY-SA 4.0,Petaling Jaya,Urban_Core,34.4,2.8,4.55,1.0,0.47,95.5,167.4,0,None,0.0026,0.3,99.5,LOW
MY-CELL-502-19-23046,3.08726,101.64147,502,19,Celcom,LTE,23046,2023-05-15,Data from OpenCelliD licensed under CC BY-SA 4.0,Petaling Jaya,Urban_Core,33.0,2.8,3.76,0.3,0.4,83.0,143.2,0,None,0.0086,0.9,98.3,LOW
MY-CELL-502-19-14324,3.08687,101.62152,502,19,Celcom,LTE,14324,2023-05-15,Data from OpenCelliD licensed under CC BY-SA 4.0,Petaling Jaya,Urban_Core,42.2,2.4,3.79,2.3,0.47,113.7,175.1,0,None,0.0017,0.2,99.7,LOW
MY-CELL-502-01-51427,3.08442,101.62706,502,1,U Mobile,LTE,51427,2023-05-15,Data from OpenCelliD licensed under CC BY-SA 4.0,Petaling Jaya,Urban_Core,43.8,2.8,4.46,1.1,0.57,108.1,189.6,0,None,0.0017,0.2,99.7,LOW
MY-CELL-502-01-97886,3.08256,101.63232,502,1,U Mobile,LTE,97886,2023-05-15,Data from OpenCelliD licensed under CC BY-SA 4.0,Petaling Jaya,Urban_Core,37.5,3.5,4.6,1.9,0.41,146.2,223.3,0,None,0.0034,0.3,99.3,LOW
MY-CELL-502-16-94471,3.08658,101.60943,502,16,Digi,LTE,94471,2023-05-15,Data from OpenCelliD licensed under CC BY-SA 4.0,Petaling Jaya,Urban_Core,28.3,4.3,2.62,1.5,0.48,78.6,141.3,0,None,0.0233,2.3,95.3,LOW
MY-CELL-502-16-63441,3.10672,101.59439,502,16,Digi,LTE,63441,2023-05-15,Data from OpenCelliD licensed under CC BY-SA 4.0,Petaling Jaya,Urban_Core,21.2,3.4,0.89,44.0,0.31,113.6,170.2,0,None,0.0148,1.5,97.0,LOW
MY-CELL-502-19-89239,3.10989,101.59397,502,19,Celcom,LTE,89239,2023-05-15,Data from OpenCelliD licensed under CC BY-SA 4.0,Petaling Jaya,Urban_Core,25.8,4.2,1.18,1.3,0.5,126.7,201.3,0,None,0.0171,1.7,96.6,LOW
MY-CELL-502-16-98236,3.09997,101.62102,502,16,Digi,LTE,98236,2023-05-15,Data from OpenCelliD licensed under CC BY-SA 4.0,Petaling Jaya,Urban_Core,34.8,1.5,3.44,1.2,0.46,115.4,172.6,0,None,0.0095,0.9,98.1,LOW
MY-CELL-502-01-16469,3.09148,101.61023,502,1,U Mobile,GSM,16469,2023-05-15,Data from OpenCelliD licensed under CC BY-SA 4.0,Petaling Jaya,Urban_Core,24.8,4.8,2.44,1.0,0.48,110.6,180.9,0,None,0.0188,1.9,96.2,LOW
MY-CELL-502-16-68067,3.12551,101.57708,502,16,Digi,UMTS,68067,2023-05-15,Data from OpenCelliD licensed under CC BY-SA 4.0,Petaling Jaya,Urban_Core,38.5,2.9,3.17,1.0,0.42,101.3,168.2,0,None,0.0035,0.3,99.3,LOW
MY-CELL-502-12-46976,3.09817,101.63026,502,12,Maxis,UMTS,46976,2023-05-15,Data from OpenCelliD licensed under CC BY-SA 4.0,Petaling Jaya,Urban_Core,35.5,2.9,3.27,1.6,0.4,106.3,171.9,0,None,0.0021,0.2,99.6,LOW
MY-CELL-502-01-88477,3.11874,101.59563,502,1,U Mobile,LTE,88477,2023-05-15,Data from OpenCelliD licensed under CC BY-SA 4.0,Petaling Jaya,Urban_Core,36.1,3.7,2.17,1.5,0.37,115.3,194.2,0,None,0.0051,0.5,99.0,LOW
MY-CELL-502-01-11917,3.08861,101.59679,502,1,U Mobile,GSM,11917,2023-05-15,Data from OpenCelliD licensed under CC BY-SA 4.0,Petaling Jaya,Urban_Core,25.8,4.8,1.47,0.7,0.52,156.0,222.4,0,None,0.0727,7.3,85.5,LOW
MY-CELL-502-19-57362,3.10827,101.61917,502,19,Celcom,UMTS,57362,2023-05-15,Data from OpenCelliD licensed under CC BY-SA 4.0,Petaling Jaya,Urban_Core,32.6,5.2,3.37,1.8,0.42,101.6,168.8,0,None,0.003,0.3,99.4,LOW
MY-CELL-502-12-69383,3.12684,101.602,502,12,Maxis,LTE,69383,2023-05-15,Data from OpenCelliD licensed under CC BY-SA 4.0,Petaling Jaya,Urban_Core,27.6,2.4,3.26,0.5,0.41,109.3,181.6,0,None,0.0212,2.1,95.8,LOW
MY-CELL-502-16-97958,3.04782,101.62245,502,16,Digi,GSM,97958,2023-05-15,Data from OpenCelliD licensed under CC BY-SA 4.0,Petaling Jaya,Urban_Core,59.9,2.3,6.82,1.5,0.43,109.0,185.7,0,None,0.0023,0.2,99.5,LOW
MY-CELL-502-16-49809,3.0869,101.65947,502,16,Digi,UMTS,49809,2023-05-15,Data from OpenCelliD licensed under CC BY-SA 4.0,Petaling Jaya,Urban_Core,31.5,4.0,3.82,1.1,0.47,115.8,210.4,0,None,0.0017,0.2,99.7,LOW
MY-CELL-502-12-44387,3.11187,101.61242,502,12,Maxis,LTE,44387,2023-05-15,Data from OpenCelliD licensed under CC BY-SA 4.0,Petaling Jaya,Urban_Core,28.9,2.9,2.82,0.7,0.42,97.3,179.2,0,None,0.0039,0.4,99.2,LOW
MY-CELL-502-12-29216,3.12426,101.59881,502,12,Maxis,GSM,29216,2023-05-15,Data from OpenCelliD licensed under CC BY-SA 4.0,Petaling Jaya,Urban_Core,39.4,2.8,2.86,0.6,0.47,99.0,175.3,0,None,0.0028,0.3,99.4,LOW
MY-CELL-502-12-89767,3.10406,101.62363,502,12,Maxis,LTE,89767,2023-05-15,Data from OpenCelliD licensed under CC BY-SA 4.0,Petaling Jaya,Urban_Core,36.1,1.7,3.42,1.8,0.53,97.7,163.8,0,None,0.0045,0.4,99.1,LOW
MY-CELL-502-16-52078,3.10099,101.6045,502,16,Digi,LTE,52078,2023-05-15,Data from OpenCelliD licensed under CC BY-SA 4.0,Petaling Jaya,Urban_Core,27.5,3.9,1.61,1.3,0.55,106.5,168.5,0,None,0.0052,0.5,99.0,LOW
MY-CELL-502-12-22219,3.13221,101.62048,502,12,Maxis,GSM,22219,2023-05-15,Data from OpenCelliD licensed under CC BY-SA 4.0,Petaling Jaya,Urban_Core,28.9,2.6,3.55,1.0,0.54,99.6,171.8,0,None,0.0026,0.3,99.5,LOW
MY-CELL-502-01-77444,3.12548,101.62631,502,1,U Mobile,LTE,77444,2023-05-15,Data from OpenCelliD licensed under CC BY-SA 4.0,Petaling Jaya,Urban_Core,31.4,4.9,2.7,2.3,0.41,100.2,180.6,0,None,0.0034,0.3,99.3,LOW
MY-CELL-502-01-80792,3.08263,101.6193,502,1,U Mobile,LTE,80792,2023-05-15,Data from OpenCelliD licensed under CC BY-SA 4.0,Petaling Jaya,Urban_Core,40.3,5.7,3.78,1.3,0.43,121.8,202.9,0,None,0.0032,0.3,99.4,LOW
MY-CELL-502-16-83698,3.10233,101.62113,502,16,Digi,UMTS,83698,2023-05-15,Data from OpenCelliD licensed under CC BY-SA 4.0,Petaling Jaya,Urban_Core,39.5,4.1,3.47,1.5,0.5,137.6,214.1,0,None,0.0021,0.2,99.6,LOW
MY-CELL-502-19-15415,3.1072,101.62384,502,19,Celcom,LTE,15415,2023-05-15,Data from OpenCelliD licensed under CC BY-SA 4.0,Petaling Jaya,Urban_Core,33.3,3.7,3.23,1.6,0.4,117.4,183.5,0,None,0.0021,0.2,99.6,LOW
MY-CELL-502-01-15951,3.13437,101.65194,502,1,U Mobile,UMTS,15951,2023-05-15,Data from OpenCelliD licensed under CC BY-SA 4.0,Kuala Lumpur,Urban_Core,26.2,5.0,1.61,1.1,0.45,82.8,160.3,0,None,0.0189,1.9,96.2,LOW
MY-CELL-502-12-51832,3.11732,101.61494,502,12,Maxis,LTE,51832,2023-05-15,Data from OpenCelliD licensed under CC BY-SA 4.0,Petaling Jaya,Urban_Core,38.1,6.1,3.37,0.8,0.46,115.0,200.8,0,None,0.0039,0.4,99.2,LOW
MY-CELL-502-12-98861,3.09793,101.62255,502,12,Maxis,UMTS,98861,2023-05-15,Data from OpenCelliD licensed under CC BY-SA 4.0,Petaling Jaya,Urban_Core,35.6,3.8,3.62,1.3,0.45,101.1,173.0,0,None,0.0018,0.2,99.6,LOW
MY-CELL-502-19-25524,3.1044,101.63734,502,19,Celcom,GSM,25524,2023-05-15,Data from OpenCelliD licensed under CC BY-SA 4.0,Petaling Jaya,Urban_Core,34.5,2.3,2.23,1.1,0.41,133.9,188.7,0,None,0.0084,0.8,98.3,LOW
MY-CELL-502-12-33930,3.06232,101.62942,502,12,Maxis,LTE,33930,2023-05-15,Data from OpenCelliD licensed under CC BY-SA 4.0,Petaling Jaya,Urban_Core,45.5,4.0,6.05,1.8,0.44,98.9,187.7,0,None,0.0023,0.2,99.5,LOW
MY-CELL-502-16-30611,3.11937,101.61284,502,16,Digi,LTE,30611,2023-05-15,Data from OpenCelliD licensed under CC BY-SA 4.0,Petaling Jaya,Urban_Core,27.4,1.0,3.32,1.2,0.42,89.6,166.7,0,None,0.0374,3.7,92.5,LOW
MY-CELL-502-12-92985,3.11291,101.63804,502,12,Maxis,GSM,92985,2023-05-15,Data from OpenCelliD licensed under CC BY-SA 4.0,Petaling Jaya,Urban_Core,26.9,2.8,1.54,0.4,0.49,123.0,192.0,0,None,0.0261,2.6,94.8,LOW
MY-CELL-502-12-53303,3.12424,101.60258,502,12,Maxis,LTE,53303,2023-05-15,Data from OpenCelliD licensed under CC BY-SA 4.0,Petaling Jaya,Urban_Core,42.4,2.2,3.03,0.2,0.41,109.1,181.5,0,None,0.0061,0.6,98.8,LOW
MY-CELL-502-01-83340,3.09712,101.61547,502,1,U Mobile,LTE,83340,2023-05-15,Data from OpenCelliD licensed under CC BY-SA 4.0,Petaling Jaya,Urban_Core,31.0,3.9,2.85,0.4,0.52,108.4,189.6,0,None,0.0028,0.3,99.4,LOW
MY-CELL-502-16-97062,3.10256,101.60458,502,16,Digi,LTE,97062,2023-05-15,Data from OpenCelliD licensed under CC BY-SA 4.0,Petaling Jaya,Urban_Core,27.9,4.0,1.64,1.3,0.47,122.9,206.2,0,None,0.0165,1.6,96.7,LOW
MY-CELL-502-19-29096,3.09037,101.63152,502,19,Celcom,LTE,29096,2023-05-15,Data from OpenCelliD licensed under CC BY-SA 4.0,Petaling Jaya,Urban_Core,38.4,4.4,3.88,1.0,0.52,96.5,184.5,0,None,0.0027,0.3,99.5,LOW
MY-CELL-502-19-20395,3.03184,101.5849,502,19,Celcom,LTE,20395,2023-05-15,Data from OpenCelliD licensed under CC BY-SA 4.0,Petaling Jaya,Urban_Core,47.2,1.8,5.88,1.1,0.41,126.8,190.3,0,None,0.0128,1.3,97.4,LOW
MY-CELL-502-16-37696,3.0258,101.5739,502,16,Digi,GSM,37696,2023-05-15,Data from OpenCelliD licensed under CC BY-SA 4.0,Subang Jaya,Urban_Core,42.5,1.2,5.35,0.8,0.33,78.3,155.9,0,None,0.2498,25.0,50.0,LOW
MY-CELL-502-19-56163,3.03879,101.55822,502,19,Celcom,LTE,56163,2023-05-15,Data from OpenCelliD licensed under CC BY-SA 4.0,Subang Jaya,Urban_Core,37.4,4.0,3.1,0.5,0.45,109.9,168.3,0,None,0.0032,0.3,99.4,LOW
MY-CELL-502-12-62853,3.05082,101.59221,502,12,Maxis,LTE,62853,2023-05-15,Data from OpenCelliD licensed under CC BY-SA 4.0,Petaling Jaya,Urban_Core,52.8,4.6,5.46,0.9,0.45,114.2,163.8,0,None,0.0066,0.7,98.7,LOW
MY-CELL-502-16-31566,3.05363,101.55748,502,16,Digi,UMTS,31566,2023-05-15,Data from OpenCelliD licensed under CC BY-SA 4.0,Subang Jaya,Urban_Core,27.1,2.7,2.07,0.5,0.43,146.0,222.4,0,None,0.1201,12.0,76.0,LOW
MY-CELL-502-12-30806,3.02704,101.57597,502,12,Maxis,LTE,30806,2023-05-15,Data from OpenCelliD licensed under CC BY-SA 4.0,Subang Jaya,Urban_Core,42.2,4.2,5.42,1.7,0.49,111.2,174.7,0,None,0.0017,0.2,99.7,LOW
MY-CELL-502-12-51949,3.02199,101.5734,502,12,Maxis,GSM,51949,2023-05-15,Data from OpenCelliD licensed under CC BY-SA 4.0,Subang Jaya,Urban_Core,49.6,4.0,5.62,1.4,0.48,131.0,195.6,0,None,0.0129,1.3,97.4,LOW
MY-CELL-502-19-34442,3.03853,101.58965,502,19,Celcom,LTE,34442,2023-05-15,Data from OpenCelliD licensed under CC BY-SA 4.0,Petaling Jaya,Urban_Core,54.6,3.7,6.0,2.0,0.41,144.7,216.7,0,None,0.0027,0.3,99.5,LOW
MY-CELL-502-01-12079,3.06374,101.60347,502,1,U Mobile,LTE,12079,2023-05-15,Data from OpenCelliD licensed under CC BY-SA 4.0,Petaling Jaya,Urban_Core,36.2,2.9,4.29,0.8,0.47,120.5,184.8,0,None,0.0026,0.3,99.5,LOW
MY-CELL-502-16-37952,3.06636,101.59807,502,16,Digi,GSM,37952,2023-05-15,Data from OpenCelliD licensed under CC BY-SA 4.0,Petaling Jaya,Urban_Core,37.1,6.1,3.84,1.9,0.46,110.8,182.0,0,None,0.0025,0.3,99.5,LOW
MY-CELL-502-12-82847,3.07559,101.59009,502,12,Maxis,GSM,82847,2023-05-15,Data from OpenCelliD licensed under CC BY-SA 4.0,Petaling Jaya,Urban_Core,34.6,2.3,2.71,0.9,0.36,118.0,194.5,0,None,0.0038,0.4,99.2,LOW
MY-CELL-502-01-28449,3.04952,101.57055,502,1,U Mobile,LTE,28449,2023-05-15,Data from OpenCelliD licensed under CC BY-SA 4.0,Petaling Jaya,Urban_Core,33.5,5.4,3.59,0.4,0.38,114.5,195.0,0,None,0.0046,0.5,99.1,LOW
MY-CELL-502-12-58302,3.06242,101.57725,502,12,Maxis,LTE,58302,2023-05-15,Data from OpenCelliD licensed under CC BY-SA 4.0,Petaling Jaya,Urban_Core,47.1,2.9,4.14,1.5,0.44,106.5,185.3,0,None,0.0023,0.2,99.5,LOW
MY-CELL-502-16-16645,3.06515,101.57506,502,16,Digi,LTE,16645,2023-05-15,Data from OpenCelliD licensed under CC BY-SA 4.0,Petaling Jaya,Urban_Core,40.9,1.6,3.93,1.7,0.51,97.5,171.5,0,None,0.0045,0.4,99.1,LOW
MY-CELL-502-01-36737,3.04255,101.57295,502,1,U Mobile,LTE,36737,2023-05-15,Data from OpenCelliD licensed under CC BY-SA 4.0,Petaling Jaya,Urban_Core,41.2,3.8,4.14,0.7,0.41,109.5,191.2,0,None,0.0033,0.3,99.3,LOW
MY-CELL-502-16-75155,3.05582,101.57396,502,16,Digi,LTE,75155,2023-05-15,Data from OpenCelliD licensed under CC BY-SA 4.0,Petaling Jaya,Urban_Core,39.7,3.1,3.8,1.4,0.3,133.0,185.6,0,None,0.0027,0.3,99.5,LOW
MY-CELL-502-12-22342,3.05988,101.57356,502,12,Maxis,GSM,22342,2023-05-15,Data from OpenCelliD licensed under CC BY-SA 4.0,Petaling Jaya,Urban_Core,34.8,2.2,3.73,0.4,0.51,100.6,174.1,0,None,0.0026,0.3,99.5,LOW
MY-CELL-502-19-88623,3.03636,101.5729,502,19,Celcom,LTE,88623,2023-05-15,Data from OpenCelliD licensed under CC BY-SA 4.0,Petaling Jaya,Urban_Core,40.3,4.1,4.5,1.0,0.38,129.9,195.0,0,None,0.005,0.5,99.0,LOW
MY-CELL-502-16-85629,3.07463,101.59428,502,16,Digi,LTE,85629,2023-05-15,Data from OpenCelliD licensed under CC BY-SA 4.0,Petaling Jaya,Urban_Core,24.5,3.0,2.86,1.8,0.49,103.0,169.5,0,None,0.0061,0.6,98.8,LOW
MY-CELL-502-16-91974,3.04942,101.56418,502,16,Digi,UMTS,91974,2023-05-15,Data from OpenCelliD licensed under CC BY-SA 4.0,Petaling Jaya,Urban_Core,31.0,6.0,2.93,1.2,0.47,130.6,203.0,0,None,0.003,0.3,99.4,LOW
MY-CELL-502-01-95382,3.05131,101.56906,502,1,U Mobile,LTE,95382,2023-05-15,Data from OpenCelliD licensed under CC BY-SA 4.0,Petaling Jaya,Urban_Core,33.6,3.3,3.37,1.0,0.44,124.6,195.1,0,None,0.0036,0.4,99.3,LOW
MY-CELL-502-12-86534,3.03579,101.55625,502,12,Maxis,LTE,86534,2023-05-15,Data from OpenCelliD licensed under CC BY-SA 4.0,Subang Jaya,Urban_Core,37.9,3.4,3.24,1.0,0.35,128.3,201.8,0,None,0.0203,2.0,95.9,LOW
MY-CELL-502-19-73230,3.03831,101.60123,502,19,Celcom,LTE,73230,2023-05-15,Data from OpenCelliD licensed under CC BY-SA 4.0,Petaling Jaya,Urban_Core,57.8,1.0,6.96,2.0,0.44,132.2,191.8,0,None,0.0101,1.0,98.0,LOW
MY-CELL-502-12-95230,3.01705,101.56805,502,12,Maxis,LTE,95230,2023-05-15,Data from OpenCelliD licensed under CC BY-SA 4.0,Subang Jaya,Urban_Core,49.5,2.2,5.69,0.7,0.54,106.2,178.4,0,None,0.0026,0.3,99.5,LOW
MY-CELL-502-12-49986,3.05083,101.58991,502,12,Maxis,LTE,49986,2023-05-15,Data from OpenCelliD licensed under CC BY-SA 4.0,Petaling Jaya,Urban_Core,49.7,4.1,5.46,1.1,0.46,158.1,227.5,0,None,0.0023,0.2,99.5,LOW
MY-CELL-502-12-89111,3.08759,101.58713,502,12,Maxis,UMTS,89111,2023-05-15,Data from OpenCelliD licensed under CC BY-SA 4.0,Petaling Jaya,Urban_Core,26.1,4.8,1.41,1.6,0.5,122.8,181.4,0,None,0.007,0.7,98.6,LOW
MY-CELL-502-16-44911,3.03472,101.59978,502,16,Digi,LTE,44911,2023-05-15,Data from OpenCelliD licensed under CC BY-SA 4.0,Petaling Jaya,Urban_Core,62.2,2.1,7.2,1.2,0.41,108.7,182.0,0,None,0.0021,0.2,99.6,LOW
MY-CELL-502-01-22175,3.09464,101.57685,502,1,U Mobile,LTE,22175,2023-05-15,Data from OpenCelliD licensed under CC BY-SA 4.0,Petaling Jaya,Urban_Core,27.5,4.0,1.58,1.8,0.47,105.1,184.7,0,None,0.0047,0.5,99.1,LOW
MY-CELL-502-01-96925,3.07121,101.56579,502,1,U Mobile,UMTS,96925,2023-05-15,Data from OpenCelliD licensed under CC BY-SA 4.0,Petaling Jaya,Urban_Core,39.5,2.0,3.12,1.3,0.48,104.0,187.8,0,None,0.0017,0.2,99.7,LOW
MY-CELL-502-19-16150,3.0429,101.55666,502,19,Celcom,LTE,16150,2023-05-15,Data from OpenCelliD licensed under CC BY-SA 4.0,Subang Jaya,Urban_Core,30.5,3.7,2.65,0.9,0.45,88.1,143.7,0,None,0.0114,1.1,97.7,LOW
MY-CELL-502-16-12198,3.05041,101.53823,502,16,Digi,LTE,12198,2023-05-15,Data from OpenCelliD licensed under CC BY-SA 4.0,Shah Alam (Central),Urban_Core,9.1,0.8,1.08,60.1,0.1,169.0,259.2,1,DID_Dec2021_Records,0.9642,96.4,92.8,HIGH
MY-CELL-502-12-30079,3.04797,101.58242,502,12,Maxis,LTE,30079,2023-05-15,Data from OpenCelliD licensed under CC BY-SA 4.0,Petaling Jaya,Urban_Core,50.7,4.7,4.89,0.7,0.56,129.6,196.4,0,None,0.0109,1.1,97.8,LOW
MY-CELL-502-12-23859,3.07559,101.59163,502,12,Maxis,LTE,23859,2023-05-15,Data from OpenCelliD licensed under CC BY-SA 4.0,Petaling Jaya,Urban_Core,19.1,6.2,2.72,0.3,0.37,130.5,224.9,0,None,0.0831,8.3,83.4,LOW
MY-CELL-502-12-18705,3.05776,101.58708,502,12,Maxis,UMTS,18705,2023-05-15,Data from OpenCelliD licensed under CC BY-SA 4.0,Petaling Jaya,Urban_Core,48.4,4.2,4.7,1.3,0.49,125.2,198.0,0,None,0.0017,0.2,99.7,LOW
MY-CELL-502-12-97955,3.06773,101.55705,502,12,Maxis,GSM,97955,2023-05-15,Data from OpenCelliD licensed under CC BY-SA 4.0,Subang Jaya,Urban_Core,28.9,3.4,2.08,0.6,0.43,76.1,145.1,0,None,0.1348,13.5,73.0,LOW
MY-CELL-502-19-25358,3.05537,101.59558,502,19,Celcom,LTE,25358,2023-05-15,Data from OpenCelliD licensed under CC BY-SA 4.0,Petaling Jaya,Urban_Core,38.0,2.2,4.99,1.1,0.52,128.4,182.7,0,None,0.0034,0.3,99.3,LOW
MY-CELL-502-16-86918,3.04832,101.56953,502,16,Digi,LTE,86918,2023-05-15,Data from OpenCelliD licensed under CC BY-SA 4.0,Petaling Jaya,Urban_Core,30.7,4.6,3.52,0.5,0.44,121.0,181.3,0,None,0.0077,0.8,98.5,LOW
MY-CELL-502-16-11524,3.15891,101.71276,502,16,Digi,LTE,11524,2023-05-15,Data from OpenCelliD licensed under CC BY-SA 4.0,Kuala Lumpur,Urban_Core,24.9,1.9,1.27,0.7,0.46,78.1,152.5,1,DID_Dec2021_Records,0.8176,81.8,63.5,HIGH
MY-CELL-502-12-45111,3.10467,101.69605,502,12,Maxis,LTE,45111,2023-05-15,Data from OpenCelliD licensed under CC BY-SA 4.0,Kuala Lumpur,Urban_Core,44.9,4.2,5.39,1.1,0.51,112.5,178.2,0,None,0.0017,0.2,99.7,LOW
MY-CELL-502-12-44008,3.17117,101.72016,502,12,Maxis,LTE,44008,2023-05-15,Data from OpenCelliD licensed under CC BY-SA 4.0,Kuala Lumpur,Urban_Core,30.4,4.2,2.35,1.0,0.45,96.0,159.4,0,None,0.0051,0.5,99.0,LOW
MY-CELL-502-12-93559,3.08575,101.70959,502,12,Maxis,LTE,93559,2023-05-15,Data from OpenCelliD licensed under CC BY-SA 4.0,Gombak / Fringe,Suburban_Fringe,47.1,5.6,7.22,0.4,0.41,95.6,174.5,0,None,0.0046,0.5,99.1,LOW
MY-CELL-502-16-23350,3.09616,101.64076,502,16,Digi,LTE,23350,2023-05-15,Data from OpenCelliD licensed under CC BY-SA 4.0,Petaling Jaya,Urban_Core,30.7,5.0,2.84,0.7,0.46,93.3,184.8,0,None,0.0047,0.5,99.1,LOW
MY-CELL-502-19-38145,3.12638,101.6913,502,19,Celcom,LTE,38145,2023-05-15,Data from OpenCelliD licensed under CC BY-SA 4.0,Kuala Lumpur,Urban_Core,32.7,3.9,4.13,1.3,0.47,106.3,175.0,0,None,0.0017,0.2,99.7,LOW
MY-CELL-502-12-85186,3.1643,101.70496,502,12,Maxis,UMTS,85186,2023-05-15,Data from OpenCelliD licensed under CC BY-SA 4.0,Kuala Lumpur,Urban_Core,29.7,3.3,2.3,1.5,0.55,98.9,155.2,0,None,0.0018,0.2,99.6,LOW
MY-CELL-502-16-33051,3.13923,101.66414,502,16,Digi,LTE,33051,2023-05-15,Data from OpenCelliD licensed under CC BY-SA 4.0,Kuala Lumpur,Urban_Core,30.8,6.6,2.65,0.6,0.53,143.6,208.1,0,None,0.0077,0.8,98.5,LOW
MY-CELL-502-19-79626,3.13161,101.71453,502,19,Celcom,GSM,79626,2023-05-15,Data from OpenCelliD licensed under CC BY-SA 4.0,Kuala Lumpur,Urban_Core,31.5,5.5,2.13,0.8,0.44,98.4,158.3,0,None,0.0087,0.9,98.3,LOW
MY-CELL-502-12-31520,3.17365,101.6619,502,12,Maxis,GSM,31520,2023-05-15,Data from OpenCelliD licensed under CC BY-SA 4.0,Kuala Lumpur,Urban_Core,45.3,2.0,6.1,1.0,0.41,114.7,169.1,0,None,0.0033,0.3,99.3,LOW
MY-CELL-502-16-67134,3.19388,101.68004,502,16,Digi,LTE,67134,2023-05-15,Data from OpenCelliD licensed under CC BY-SA 4.0,Kuala Lumpur,Urban_Core,52.6,4.5,6.59,0.0,0.47,134.6,192.5,0,None,0.0238,2.4,95.2,LOW
MY-CELL-502-01-81431,3.15681,101.73353,502,1,U Mobile,LTE,81431,2023-05-15,Data from OpenCelliD licensed under CC BY-SA 4.0,Kuala Lumpur,Urban_Core,34.8,4.0,1.68,0.6,0.44,121.2,192.0,0,None,0.0224,2.2,95.5,LOW
MY-CELL-502-19-21344,3.12443,101.67791,502,19,Celcom,GSM,21344,2023-05-15,Data from OpenCelliD licensed under CC BY-SA 4.0,Kuala Lumpur,Urban_Core,36.4,2.4,3.14,1.1,0.37,107.8,168.8,0,None,0.0024,0.2,99.5,LOW
MY-CELL-502-19-77957,3.12955,101.71435,502,19,Celcom,GSM,77957,2023-05-15,Data from OpenCelliD licensed under CC BY-SA 4.0,Kuala Lumpur,Urban_Core,26.1,5.0,2.35,1.5,0.47,88.2,155.0,0,None,0.0069,0.7,98.6,LOW
MY-CELL-502-01-65761,3.10779,101.65616,502,1,U Mobile,LTE,65761,2023-05-15,Data from OpenCelliD licensed under CC BY-SA 4.0,Kuala Lumpur,Urban_Core,31.7,3.7,1.52,2.2,0.46,113.8,180.7,0,None,0.004,0.4,99.2,LOW
MY-CELL-502-12-87454,3.14252,101.75203,502,12,Maxis,UMTS,87454,2023-05-15,Data from OpenCelliD licensed under CC BY-SA 4.0,Kuala Lumpur,Urban_Core,36.9,3.3,3.65,1.4,0.49,94.3,151.0,0,None,0.007,0.7,98.6,LOW
MY-CELL-502-19-37935,3.09926,101.69239,502,19,Celcom,LTE,37935,2023-05-15,Data from OpenCelliD licensed under CC BY-SA 4.0,Gombak / Fringe,Suburban_Fringe,35.0,4.1,5.24,0.4,0.34,117.8,212.7,0,None,0.0032,0.3,99.4,LOW
MY-CELL-502-16-22182,3.1538,101.70238,502,16,Digi,LTE,22182,2023-05-15,Data from OpenCelliD licensed under CC BY-SA 4.0,Kuala Lumpur,Urban_Core,28.0,4.5,2.0,1.0,0.44,128.4,195.5,1,DID_Dec2021_Records,0.7639,76.4,52.8,HIGH
MY-CELL-502-16-29541,3.19014,101.70448,502,16,Digi,GSM,29541,2023-05-15,Data from OpenCelliD licensed under CC BY-SA 4.0,Kuala Lumpur,Urban_Core,43.2,3.9,4.78,0.7,0.5,106.5,168.9,0,None,0.0026,0.3,99.5,LOW
MY-CELL-502-16-34070,3.15794,101.71519,502,16,Digi,GSM,34070,2023-05-15,Data from OpenCelliD licensed under CC BY-SA 4.0,Kuala Lumpur,Urban_Core,25.8,2.4,1.03,1.0,0.45,131.7,206.4,0,None,0.0904,9.0,81.9,LOW
MY-CELL-502-12-90559,3.12827,101.66202,502,12,Maxis,LTE,90559,2023-05-15,Data from OpenCelliD licensed under CC BY-SA 4.0,Kuala Lumpur,Urban_Core,26.0,4.5,1.62,1.7,0.47,110.2,167.1,0,None,0.01,1.0,98.0,LOW
MY-CELL-502-01-51786,3.15317,101.69987,502,1,U Mobile,LTE,51786,2023-05-15,Data from OpenCelliD licensed under CC BY-SA 4.0,Kuala Lumpur,Urban_Core,24.0,3.1,2.26,0.7,0.44,111.1,186.4,0,None,0.044,4.4,91.2,LOW
MY-CELL-502-19-16737,3.18051,101.68353,502,19,Celcom,GSM,16737,2023-05-15,Data from OpenCelliD licensed under CC BY-SA 4.0,Kuala Lumpur,Urban_Core,44.0,4.1,5.28,1.0,0.35,91.2,159.8,0,None,0.0035,0.4,99.3,LOW
MY-CELL-502-19-35510,3.17926,101.65776,502,19,Celcom,UMTS,35510,2023-05-15,Data from OpenCelliD licensed under CC BY-SA 4.0,Kuala Lumpur,Urban_Core,45.1,4.2,6.63,1.8,0.5,105.7,190.6,0,None,0.0017,0.2,99.7,LOW
MY-CELL-502-19-27850,3.11491,101.72468,502,19,Celcom,LTE,27850,2023-05-15,Data from OpenCelliD licensed under CC BY-SA 4.0,Kuala Lumpur,Urban_Core,38.4,3.1,3.93,0.7,0.43,102.2,173.9,0,None,0.0036,0.4,99.3,LOW
MY-CELL-502-12-42733,3.0719,101.78301,502,12,Maxis,LTE,42733,2023-05-15,Data from OpenCelliD licensed under CC BY-SA 4.0,Hulu Langat,Suburban_Fringe,34.3,6.5,0.96,65.8,0.21,214.8,339.0,1,DID_Dec2021_Records,0.2806,28.1,43.9,LOW
MY-CELL-502-12-43933,3.11002,101.82171,502,12,Maxis,LTE,43933,2023-05-15,Data from OpenCelliD licensed under CC BY-SA 4.0,Hulu Langat,Suburban_Fringe,55.8,1.5,5.7,2.9,0.37,179.4,271.8,0,None,0.0413,4.1,91.7,LOW
MY-CELL-502-01-65619,3.07915,101.82427,502,1,U Mobile,LTE,65619,2023-05-15,Data from OpenCelliD licensed under CC BY-SA 4.0,Hulu Langat,Suburban_Fringe,46.3,7.9,4.91,2.8,0.41,120.2,222.0,0,None,0.0063,0.6,98.7,LOW
MY-CELL-502-16-50600,3.12556,101.81094,502,16,Digi,GSM,50600,2023-05-15,Data from OpenCelliD licensed under CC BY-SA 4.0,Hulu Langat,Suburban_Fringe,77.8,2.8,6.11,2.2,0.44,199.5,311.3,0,None,0.0097,1.0,98.1,LOW
MY-CELL-502-01-45400,3.09478,101.83446,502,1,U Mobile,LTE,45400,2023-05-15,Data from OpenCelliD licensed under CC BY-SA 4.0,Hulu Langat,Suburban_Fringe,65.3,9.5,6.26,1.8,0.44,161.7,265.1,0,None,0.0179,1.8,96.4,LOW
MY-CELL-502-19-99431,3.1027,101.79633,502,19,Celcom,LTE,99431,2023-05-15,Data from OpenCelliD licensed under CC BY-SA 4.0,Hulu Langat,Suburban_Fringe,41.0,6.1,3.1,3.7,0.37,144.7,276.8,0,None,0.0498,5.0,90.0,LOW
MY-CELL-502-01-53001,3.10825,101.7998,502,1,U Mobile,UMTS,53001,2023-05-15,Data from OpenCelliD licensed under CC BY-SA 4.0,Hulu Langat,Suburban_Fringe,53.5,4.8,3.83,3.0,0.41,230.7,350.9,0,None,0.0554,5.5,88.9,LOW
MY-CELL-502-12-55028,3.06141,101.76031,502,12,Maxis,GSM,55028,2023-05-15,Data from OpenCelliD licensed under CC BY-SA 4.0,Gombak / Fringe,Suburban_Fringe,30.6,6.1,3.01,0.7,0.48,116.0,199.0,0,None,0.0037,0.4,99.3,LOW
MY-CELL-502-19-47573,3.08699,101.8284,502,19,Celcom,UMTS,47573,2023-05-15,Data from OpenCelliD licensed under CC BY-SA 4.0,Hulu Langat,Suburban_Fringe,84.1,6.6,5.43,1.2,0.47,168.1,308.3,0,None,0.0042,0.4,99.2,LOW
MY-CELL-502-19-39757,3.12087,101.81628,502,19,Celcom,LTE,39757,2023-05-15,Data from OpenCelliD licensed under CC BY-SA 4.0,Hulu Langat,Suburban_Fringe,74.9,5.6,6.07,2.2,0.37,160.7,288.7,0,None,0.0219,2.2,95.6,LOW
MY-CELL-502-12-58280,3.11736,101.77636,502,12,Maxis,LTE,58280,2023-05-15,Data from OpenCelliD licensed under CC BY-SA 4.0,Kuala Lumpur,Urban_Core,35.6,2.2,4.17,1.3,0.5,124.4,204.4,0,None,0.0017,0.2,99.7,LOW
MY-CELL-502-19-72211,3.10566,101.77483,502,19,Celcom,UMTS,72211,2023-05-15,Data from OpenCelliD licensed under CC BY-SA 4.0,Kuala Lumpur,Urban_Core,28.8,1.8,2.91,1.8,0.43,105.0,188.3,0,None,0.021,2.1,95.8,LOW
MY-CELL-502-01-75160,2.92918,101.6699,502,1,U Mobile,GSM,75160,2023-05-15,Data from OpenCelliD licensed under CC BY-SA 4.0,Sepang / Dengkil,Suburban_Fringe,14.8,2.2,2.57,4.2,0.4,128.6,199.2,0,None,0.0348,3.5,93.0,LOW
MY-CELL-502-19-98801,2.94053,101.67621,502,19,Celcom,LTE,98801,2023-05-15,Data from OpenCelliD licensed under CC BY-SA 4.0,Sepang / Dengkil,Suburban_Fringe,9.9,3.0,1.13,55.1,0.25,120.8,201.5,0,None,0.0731,7.3,85.4,LOW
MY-CELL-502-01-39192,2.86075,101.65859,502,1,U Mobile,LTE,39192,2023-05-15,Data from OpenCelliD licensed under CC BY-SA 4.0,Sepang / Dengkil,Suburban_Fringe,35.8,1.1,10.19,1.0,0.35,151.1,210.1,0,None,0.0405,4.0,91.9,LOW
MY-CELL-502-19-74772,2.90185,101.64059,502,19,Celcom,LTE,74772,2023-05-15,Data from OpenCelliD licensed under CC BY-SA 4.0,Sepang / Dengkil,Suburban_Fringe,26.3,1.6,6.91,2.3,0.48,127.2,191.4,0,None,0.0089,0.9,98.2,LOW
MY-CELL-502-19-91121,2.88706,101.63237,502,19,Celcom,LTE,91121,2023-05-15,Data from OpenCelliD licensed under CC BY-SA 4.0,Sepang / Dengkil,Suburban_Fringe,31.9,2.0,8.76,1.8,0.52,119.8,197.1,0,None,0.0017,0.2,99.7,LOW
MY-CELL-502-01-43742,2.88503,101.63241,502,1,U Mobile,UMTS,43742,2023-05-15,Data from OpenCelliD licensed under CC BY-SA 4.0,Sepang / Dengkil,Suburban_Fringe,34.1,2.7,8.94,2.2,0.38,118.0,181.5,0,None,0.002,0.2,99.6,LOW
MY-CELL-502-16-13972,2.91388,101.70893,502,16,Digi,LTE,13972,2023-05-15,Data from OpenCelliD licensed under CC BY-SA 4.0,Sepang / Dengkil,Suburban_Fringe,20.4,2.3,5.14,3.2,0.44,116.2,203.2,0,None,0.0097,1.0,98.1,LOW
MY-CELL-502-01-51873,2.88443,101.67345,502,1,U Mobile,LTE,51873,2023-05-15,Data from OpenCelliD licensed under CC BY-SA 4.0,Sepang / Dengkil,Suburban_Fringe,28.4,3.9,7.31,2.6,0.35,125.1,198.9,0,None,0.0052,0.5,99.0,LOW
MY-CELL-502-16-19903,2.8876,101.629,502,16,Digi,GSM,19903,2023-05-15,Data from OpenCelliD licensed under CC BY-SA 4.0,Sepang / Dengkil,Suburban_Fringe,35.0,2.3,8.81,1.9,0.38,105.8,167.3,0,None,0.0021,0.2,99.6,LOW
MY-CELL-502-12-95956,2.8958,101.65412,502,12,Maxis,UMTS,95956,2023-05-15,Data from OpenCelliD licensed under CC BY-SA 4.0,Sepang / Dengkil,Suburban_Fringe,24.8,2.3,6.67,3.7,0.45,86.1,160.5,0,None,0.0037,0.4,99.3,LOW
MY-CELL-502-12-19516,2.89067,101.64094,502,12,Maxis,LTE,19516,2023-05-15,Data from OpenCelliD licensed under CC BY-SA 4.0,Sepang / Dengkil,Suburban_Fringe,32.0,1.3,7.88,1.9,0.44,94.3,170.8,0,None,0.0134,1.3,97.3,LOW
MY-CELL-502-01-94082,2.87066,101.6646,502,1,U Mobile,GSM,94082,2023-05-15,Data from OpenCelliD licensed under CC BY-SA 4.0,Sepang / Dengkil,Suburban_Fringe,32.7,2.1,8.97,1.1,0.42,124.4,190.7,0,None,0.0021,0.2,99.6,LOW
